{
  "project_info": {
    "project_number": "329381010918",
    "firebase_url": "https://xbcad-app-952a3-default-rtdb.firebaseio.com",
    "project_id": "xbcad-app-952a3",
    "storage_bucket": "xbcad-app-952a3.firebasestorage.app"
  },
  "client": [
    {
      "client_info": {
        "mobilesdk_app_id": "1:329381010918:android:70c236644b1ad72a474a27",
        "android_client_info": {
          "package_name": "com.example.xbcadapplication"
        }
      },
      "oauth_client": [],
      "api_key": [
        {
          "current_key": "AIzaSyCIUQ5qte7mYABpoK4koTV5p-jfxVvMb_g"
        }
      ],
      "services": {
        "appinvite_service": {
          "other_platform_oauth_client": []
        }
      }
    }
  ],
  "configuration_version": "1"
}